{
  "company_name": "Prisma",
  "company_slug": "prisma",
  "generated_at": "2026-01-18T21:01:10.962156",
  "brand_identity": {
    "positioning": "Yhdess\u00e4 yht\u00e4 - Suomalaisten kotitalouksien logistinen selk\u00e4ranka",
    "visual_markers": {
      "primary_color": "Vihre\u00e4",
      "secondary_colors": [],
      "style_keywords": [
        "Funktionaalinen",
        "Selke\u00e4",
        "Lehtim\u00e4inen (k\u00e4ytt\u00f6tavara)",
        "Moderni"
      ],
      "tone_keywords": [
        "Itseironinen",
        "Samaistuttava",
        "Avulias",
        "Institutionaalinen",
        "Pragmaattinen",
        "Demokraattinen"
      ]
    },
    "voice_characteristics": [
      "Suomalaisen perhearjen ymm\u00e4rt\u00e4j\u00e4",
      "Jokamies (Everyman)",
      "Huoltaja"
    ]
  },
  "strategic_priorities": [
    {
      "rank": 1,
      "priority": "Hintajohtajuuden puolustus (Defensiivinen)",
      "evidence": [
        "Jatkuva 'Edullisin ostoskori' -viestint\u00e4",
        "Aggressiivinen hintavertailu inflaation aikana"
      ],
      "execution_assessment": "strong"
    },
    {
      "rank": 2,
      "priority": "K\u00e4ytt\u00f6tavaran uskottavuuden nosto (Offensiivinen)",
      "evidence": [
        "Prisma Gaming -konseptin lanseeraus",
        "House-br\u00e4ndin visuaalinen uudistus",
        "Vaikuttajayhteisty\u00f6t muodissa"
      ],
      "execution_assessment": "moderate"
    },
    {
      "rank": 3,
      "priority": "Digitaalinen saumattomuus & Automaatio",
      "evidence": [
        "Ker\u00e4\u00e4 ja skannaa -palvelut",
        "Robottikuljetukset",
        "S-kauppa.fi:n kehitys"
      ],
      "execution_assessment": "strong"
    },
    {
      "rank": 4,
      "priority": "Vastuullisuus 'kansalaistaitona'",
      "evidence": [
        "Kotimaisuusasteen korostaminen",
        "H\u00e4vikkikampanjat"
      ],
      "execution_assessment": "moderate"
    }
  ],
  "marketing_posture": {
    "current_content_types": [
      "Korkean tuotantoarvon TV-mainonta (tarinallinen)",
      "Taktinen hintaviestint\u00e4",
      "Gaming-sis\u00e4ll\u00f6t (e-urheilu)",
      "Vaikuttajavetoinen muotisis\u00e4lt\u00f6"
    ],
    "channel_presence": {
      "youtube": {
        "active": false,
        "assessment": "Passiivinen/Arkisto. Toimii TV-mainosten varastona, puuttuu natiivi sis\u00e4lt\u00f6strategia."
      },
      "tiktok": {
        "active": true,
        "assessment": "Aktiivinen. Huumori ja 'life hack' -sis\u00e4lt\u00f6 toimii Gen Z:lle."
      },
      "instagram": {
        "active": true,
        "assessment": "Aktiivinen. Visuaalinen painotus (House, pukeutuminen)."
      },
      "linkedin": {
        "active": false,
        "assessment": "Ei mainittu analyysiss\u00e4."
      }
    },
    "apparent_gaps": [
      "Pitk\u00e4kestoinen, sitouttava videosis\u00e4lt\u00f6 (long-form)",
      "'How-to' ja inspiraatiosis\u00e4lt\u00f6 (hub-content)"
    ],
    "audience_engagement": "TV-mainonta resonoi laajasti. TikTokissa onnistuttu madaltamaan kynnyst\u00e4. YouTube-sitoutuminen on heikkoa."
  },
  "competitive_analysis": {
    "key_competitors": [
      {
        "name": "K-Citymarket",
        "content_strategy": "Ruokahifistely, laatu, visuaalinen houkuttelevuus, kauppiasvetoisuus",
        "threat_level": "high"
      },
      {
        "name": "Lidl",
        "content_strategy": "Yll\u00e4tyksellisyys, fanituotteet, halpuuden tekeminen 'cooliksi'",
        "threat_level": "high"
      }
    ],
    "brand_winning_areas": [
      "Hinta (Rationaalinen ylivoima)",
      "Valikoiman laajuus",
      "Saavutettavuus",
      "S-Etukortti-ekosysteemi"
    ],
    "brand_losing_areas": [
      "Emotionaalinen side",
      "Ruokainspiraation uskottavuus",
      "Mielikuvat arkisempia ja 'tylsempi\u00e4' kuin kilpailijoilla"
    ]
  },
  "strategic_tensions": [
    {
      "id": "tension_01",
      "description": "Massamarkkinan laajuus vs. Niche-uskottavuus: Prisma yritt\u00e4\u00e4 puhutella 'koko kansaa', mik\u00e4 est\u00e4\u00e4 syv\u00e4n uskottavuuden intohimokategorioissa.",
      "evidence": [
        "Yleismainonta myy vaippoja ja tietokoneita rinnakkain",
        "Intohimo puuttuu geneerisest\u00e4 viestinn\u00e4st\u00e4"
      ],
      "opportunity_type": "gap",
      "priority_score": 5
    },
    {
      "id": "tension_02",
      "description": "Kitkaton automaatio vs. Inhimillinen l\u00e4mp\u00f6: Strategia ajaa tehokkuutta, mutta br\u00e4ndilupaus puhuu yhteydest\u00e4.",
      "evidence": [
        "Asiakaskokemus on yh\u00e4 enemm\u00e4n 'ihmiset\u00f6nt\u00e4 suorittamista'",
        "Br\u00e4ndi uhkaa muuttua kylm\u00e4ksi logistiikkakeskukseksi"
      ],
      "opportunity_type": "threat",
      "priority_score": 4
    },
    {
      "id": "tension_03",
      "description": "S\u00e4\u00e4st\u00e4minen vs. Inspiroituminen: Asiakas on s\u00e4\u00e4st\u00f6moodissa, mutta Prisma haluaa myyd\u00e4 lifestyle-tuotteita.",
      "evidence": [
        "Vaikea validoida itsens\u00e4 premium-tason ostopaikaksi",
        "Ymp\u00e4rist\u00f6 viestii ensisijaisesti halpaa hintaa"
      ],
      "opportunity_type": "aspiration",
      "priority_score": 4
    }
  ],
  "opportunity_zones": [
    {
      "id": "opp_01",
      "description": "'The Human Interface' \u2013 Br\u00e4ndin inhimillist\u00e4minen videolla",
      "rationale": "Ratkaisee j\u00e4nnitteen automaation ja l\u00e4mm\u00f6n v\u00e4lill\u00e4. Tuo kasvot takaisin kauppaan.",
      "risk_level": "low"
    },
    {
      "id": "opp_02",
      "description": "Vertikaalinen syv\u00e4sukellus (Deep Dives)",
      "rationale": "Ratkaisee 'kaikkea kaikille' -ongelman tuottamalla korkean profiilin sis\u00e4lt\u00f6\u00e4 spesifeille kohderyhmille (esim. Gaming).",
      "risk_level": "medium"
    },
    {
      "id": "opp_03",
      "description": "YouTube-tyhji\u00f6n t\u00e4ytt\u00e4minen (Blue Ocean)",
      "rationale": "Kilpailijat eiv\u00e4t dominoi pitk\u00e4\u00e4 videomuotoa. Mahdollisuus omistaa '\u00e4lyk\u00e4s arki' videomuodossa.",
      "risk_level": "medium"
    }
  ],
  "sources": [
    {
      "title": "Strateginen Dossier: Prisma",
      "url": "Internal Document",
      "type": "report",
      "date_accessed": "2026-01-19",
      "relevance": "Ensisijainen l\u00e4hde"
    },
    {
      "title": "S-ryhm\u00e4n vuosi- ja vastuullisuuskatsaukset",
      "url": "s-ryhma.fi",
      "type": "report",
      "date_accessed": "2026-01-19",
      "relevance": "Strategiset painopisteet"
    },
    {
      "title": "Prisman TikTok-tili",
      "url": "tiktok.com/@prisma",
      "type": "social",
      "date_accessed": "2026-01-19",
      "relevance": "Kanava-auditointi"
    },
    {
      "title": "Prisman Instagram-tili",
      "url": "instagram.com/prisma",
      "type": "social",
      "date_accessed": "2026-01-19",
      "relevance": "Kanava-auditointi"
    },
    {
      "title": "Kilpailija-analyysi (K-Citymarket & Lidl)",
      "url": "Internal Analysis",
      "type": "other",
      "date_accessed": "2026-01-19",
      "relevance": "Uhkakuvat"
    }
  ]
}