{
  "company_name": "Prisma",
  "company_slug": "prisma",
  "generated_at": "2026-01-18T20:33:37.682737",
  "brand_identity": {
    "positioning": "Suomalaisen arjen 'k\u00e4ytt\u00f6j\u00e4rjestelm\u00e4' ja infrastruktuuri. Ydinlupaus: 'Yhdest\u00e4 paikasta kaikki' ja 'Pysyv\u00e4sti edullinen'.",
    "visual_markers": {
      "primary_color": "Prisma-vihre\u00e4",
      "secondary_colors": [
        "Punainen (ale-elementit)"
      ],
      "style_keywords": [
        "Selke\u00e4",
        "Suoraviivainen",
        "Volyymia korostava",
        "Funktionaalinen"
      ],
      "tone_keywords": [
        "Pragmaattinen",
        "Rehellinen",
        "Turvallinen",
        "Kansanomainen"
      ]
    },
    "voice_characteristics": [
      "The Everyman (Jokamies)",
      "The Ruler (Markkinajohtaja)",
      "Set\u00e4m\u00e4inen huumori",
      "Arjen tilannekomiikka"
    ]
  },
  "strategic_priorities": [
    {
      "rank": 1,
      "priority": "Hintajohtajuuden sementointi (Hygieniatekij\u00e4)",
      "evidence": [
        "Halpuuttaminen-konseptin jatkuvuus",
        "Hintakilpailu Lidli\u00e4 vastaan inflaation aikana"
      ],
      "execution_assessment": "strong"
    },
    {
      "rank": 2,
      "priority": "K\u00e4ytt\u00f6tavarakaupan (Non-Food) puolustus ja uskottavuus",
      "evidence": [
        "House-br\u00e4ndin massiivinen uudistus",
        "Panostukset Gaming-kategoriaan",
        "Assembly-sponsorointi"
      ],
      "execution_assessment": "moderate"
    },
    {
      "rank": 3,
      "priority": "Retail Media (Kaupan media)",
      "evidence": [
        "Smart Marketing -yksik\u00f6n kasvu",
        "Digin\u00e4ytt\u00f6jen vy\u00f6rytys myym\u00e4l\u00f6ihin"
      ],
      "execution_assessment": "moderate"
    },
    {
      "rank": 4,
      "priority": "Datan hy\u00f6dynt\u00e4minen markkinoinnissa",
      "evidence": [
        "Asiakasomistajadata S-ryhm\u00e4n strategisena ydinaseena"
      ],
      "execution_assessment": "moderate"
    }
  ],
  "marketing_posture": {
    "current_content_types": [
      "TV-mainokset (br\u00e4ndi-image ja taktiset)",
      "Myym\u00e4l\u00e4mediat (digin\u00e4yt\u00f6t)",
      "Kategoriakohtaiset kampanjat (Gaming, Pukeutuminen)"
    ],
    "channel_presence": {
      "youtube": {
        "active": true,
        "assessment": "Passiivinen. Toimii TV-mainosten arkistona. Ei omaa alustalle optimoitua sarjallista sis\u00e4lt\u00f6\u00e4."
      },
      "tiktok": {
        "active": true,
        "assessment": "Hajanaista. Yksitt\u00e4iset myym\u00e4l\u00e4t tekev\u00e4t sis\u00e4lt\u00f6\u00e4, mutta keskitetty valtakunnallinen br\u00e4ndipresenssi puuttuu."
      },
      "instagram": {
        "active": false,
        "assessment": "Ei mainittu l\u00e4hdeanalyysissa."
      },
      "linkedin": {
        "active": false,
        "assessment": "Ei mainittu l\u00e4hdeanalyysissa."
      }
    },
    "apparent_gaps": [
      "Puuttuu 'Always-on' -sis\u00e4lt\u00f6 intohimokategorioihin (pelaaminen, muoti)",
      "Videosis\u00e4ll\u00f6n hy\u00f6dynt\u00e4minen myym\u00e4l\u00e4ymp\u00e4rist\u00f6ss\u00e4 viihteen\u00e4 mainonnan sijaan"
    ],
    "audience_engagement": "Sitoutuminen vahvaa hinta- ja etuasioissa (Bonus), mutta heikkoa tunnetasolla erikoiskaupan kategorioissa. 'J\u00e4rkiostos', ei 'fanituksen kohde'."
  },
  "competitive_analysis": {
    "key_competitors": [
      {
        "name": "K-Citymarket",
        "content_strategy": "Grocerant, laatu, el\u00e4mys, premium-ruokatrendit ja fiilistely.",
        "threat_level": "high"
      },
      {
        "name": "Lidl",
        "content_strategy": "Hinta, yll\u00e4tyksellisyys, itseironinen markkinointi.",
        "threat_level": "high"
      },
      {
        "name": "Erikoiskauppa & Verkkokaupat (esim. Verkkokauppa.com, Zalando)",
        "content_strategy": "Syv\u00e4 asiantuntijuus ja valtava valikoima yhdess\u00e4 kategoriassa.",
        "threat_level": "medium"
      }
    ],
    "brand_winning_areas": [
      "Volyymi",
      "Saavutettavuus",
      "Yhden pys\u00e4hdyksen taktiikka",
      "S-Etukortti-j\u00e4rjestelm\u00e4"
    ],
    "brand_losing_areas": [
      "Myym\u00e4l\u00e4kokemuksen viihtyisyys (tehokkuus vs. tunnelma)",
      "Asiantuntijamielikuva spesifeiss\u00e4 harrastuksissa",
      "Markkinoinnin rohkeus/yll\u00e4tyksellisyys"
    ]
  },
  "strategic_tensions": [
    {
      "id": "tension_01",
      "description": "Massojen 'Jokamies' vs. Niche-uskottavuus: Prisma yritt\u00e4\u00e4 puhutella intohimoisia harrastajia br\u00e4ndill\u00e4, joka on optimoitu massoille.",
      "evidence": [
        "Gaming-kampanjat tuntuvat 'p\u00e4\u00e4lle liimatuilta'",
        "Sis\u00e4lt\u00f6 liian geneerist\u00e4 her\u00e4tt\u00e4\u00e4kseen aitoa kiinnostusta alakulttuureissa"
      ],
      "opportunity_type": "underserved_audience",
      "priority_score": 5
    },
    {
      "id": "tension_02",
      "description": "Logistinen tehokkuus vs. Luvattu inspiraatio: Markkinointi lupaa tunnetta, mutta fyysinen kokemus on optimoitu tehokkuuteen.",
      "evidence": [
        "Myym\u00e4l\u00e4suunnittelu korostaa volyymia, ei estetiikkaa",
        "Mainonnan tunteikkuus ristiriidassa itsepalvelukassojen kiireen kanssa"
      ],
      "opportunity_type": "gap",
      "priority_score": 4
    },
    {
      "id": "tension_03",
      "description": "Private Label -leima vs. Laatuperceptio: House-br\u00e4ndin uskottavuus muotivalintana vs. mielikuva 'marketin omasta merkist\u00e4'.",
      "evidence": [
        "Kuluttajien syv\u00e4\u00e4n juurtuneet ennakkoluulot",
        "Yritys tehd\u00e4 br\u00e4ndist\u00e4 vakavasti otettava ilman Lidlin k\u00e4ytt\u00e4m\u00e4\u00e4 ironiaa"
      ],
      "opportunity_type": "threat",
      "priority_score": 4
    }
  ],
  "opportunity_zones": [
    {
      "id": "opp_01",
      "description": "'Service-First' -sis\u00e4lt\u00f6strategia intohimokategorioihin",
      "rationale": "Asiantuntijuus rakentuu hy\u00f6dyllisen sis\u00e4ll\u00f6n (oppaat, testit) kautta, ei mainoslauseilla. Ratkaisee uskottavuusongelman.",
      "risk_level": "medium"
    },
    {
      "id": "opp_02",
      "description": "Myym\u00e4l\u00e4mediat 'Shorts'-kanavana",
      "rationale": "Muutetaan taktiset n\u00e4yt\u00f6t viihteelliseksi feediksi. Ratkaisee 'tehokkuus vs. tunne' -j\u00e4nnitteen tuomalla digitaalisen inspiraation fyysiseen tilaan.",
      "risk_level": "low"
    },
    {
      "id": "opp_03",
      "description": "House-br\u00e4ndin 'Radikaali l\u00e4pin\u00e4kyvyys'",
      "rationale": "N\u00e4ytet\u00e4\u00e4n tuotteet aidossa, raadollisessa arjessa ilman kiiltokuvia. Sopii Prisman 'Everyman'-arkkityyppiin ja erottaa kilpailijoista.",
      "risk_level": "medium"
    }
  ],
  "sources": [
    {
      "title": "youtube.com",
      "url": "https://youtube.com",
      "type": "video",
      "date_accessed": "2023-10-27",
      "relevance": "Videosis\u00e4ll\u00f6n analyysi"
    },
    {
      "title": "prisma.fi",
      "url": "https://prisma.fi",
      "type": "company_site",
      "date_accessed": "2023-10-27",
      "relevance": "Br\u00e4ndilupaus ja valikoima"
    },
    {
      "title": "brandid.fi",
      "url": "https://brandid.fi",
      "type": "other",
      "date_accessed": "2023-10-27",
      "relevance": "Br\u00e4ndianalyysi"
    },
    {
      "title": "tiktok.com",
      "url": "https://tiktok.com",
      "type": "social",
      "date_accessed": "2023-10-27",
      "relevance": "Sosiaalisen median presenssi"
    },
    {
      "title": "verkkouutiset.fi",
      "url": "https://verkkouutiset.fi",
      "type": "news",
      "date_accessed": "2023-10-27",
      "relevance": "Markkinatilanne ja uutiset"
    },
    {
      "title": "kaupantila.fi",
      "url": "https://kaupantila.fi",
      "type": "report",
      "date_accessed": "2023-10-27",
      "relevance": "Kaupan alan trendit"
    }
  ]
}