{
  "company_name": "Outokumpu",
  "company_slug": "outokumpu",
  "generated_at": "2026-01-19T16:31:07.214973",
  "brand_identity": {
    "positioning": "Materiaaliteknologiayhti\u00f6, joka mahdollistaa kest\u00e4v\u00e4n tulevaisuuden. Olemassaolon oikeutus on sivilisaation rakentaminen kest\u00e4v\u00e4sti. Slogan: 'A world that lasts forever.'",
    "visual_markers": {
      "primary_color": "Ter\u00e4ksenharmaa",
      "secondary_colors": [
        "Syv\u00e4 sininen",
        "Valkoinen"
      ],
      "style_keywords": [
        "Massiivinen",
        "Puhdas",
        "Insin\u00f6\u00f6rim\u00e4inen",
        "Teollinen mittakaava",
        "Abstrakti materiaalin pinta"
      ],
      "tone_keywords": [
        "Asiantunteva",
        "Vakava",
        "Et\u00e4inen",
        "Faktoihin nojaava",
        "Vastuullinen"
      ]
    },
    "voice_characteristics": [
      "The Sage (Viisas)",
      "The Ruler (Hallitsija)",
      "Tekninen sanasto (dekarbonisaatio, arvoketju, Scope-p\u00e4\u00e4st\u00f6t)",
      "Ei tunteellinen"
    ]
  },
  "strategic_priorities": [
    {
      "rank": 1,
      "priority": "Kest\u00e4vyysjohtajuuden kaupallistaminen (Circle Green)",
      "evidence": [
        "Circle Green -tuoteperheen lanseeraus (jopa 93 % pienempi hiilijalanj\u00e4lki)",
        "Strateginen tavoite sitoa asiakkaat p\u00e4\u00e4st\u00f6v\u00e4hennystavoitteisiin (SBTi)"
      ],
      "execution_assessment": "moderate"
    },
    {
      "rank": 2,
      "priority": "Siirtym\u00e4 'Advanced Materials' -kategoriaan",
      "evidence": [
        "Investoinnit T&K-toimintaan",
        "Advanced Materials -liiketoiminta-alueen korostaminen raportoinnissa",
        "Fokus asiakkaissa, jotka vaativat materiaaleilta \u00e4\u00e4rimm\u00e4ist\u00e4 kest\u00e4vyytt\u00e4"
      ],
      "execution_assessment": "moderate"
    },
    {
      "rank": 3,
      "priority": "Amerikan valloitus",
      "evidence": [
        "Strategiap\u00e4ivitykset korostavat Pohjois-Amerikkaa kasvun moottorina"
      ],
      "execution_assessment": "weak"
    }
  ],
  "marketing_posture": {
    "current_content_types": [
      "Ingredient Branding (Kumppanuusvideot)",
      "Talking Heads (Johdon haastattelut)",
      "Tehdasestetiikka (Factory porn)",
      "Showcase (World As Our Showroom)"
    ],
    "channel_presence": {
      "youtube": {
        "active": false,
        "assessment": "Passiivinen/Varasto. Toimii videokirjastona, ei yhteis\u00f6n\u00e4. Videot pitki\u00e4."
      },
      "tiktok": {
        "active": false,
        "assessment": "Ei relevanttia l\u00e4sn\u00e4oloa."
      },
      "instagram": {
        "active": true,
        "assessment": "Visuaalinen portfolio. Keskittyy estetiikkaan, sitoutuminen vaihtelevaa."
      },
      "linkedin": {
        "active": true,
        "assessment": "P\u00e4\u00e4kanava. Sis\u00e4lt\u00f6 sijoittajavetoista ja B2B-uutisointia. Laatu asiallista, mutta kuivaa."
      }
    },
    "apparent_gaps": [
      "Inhimillinen tarinankerronta puuttuu l\u00e4hes t\u00e4ysin",
      "Teknisen ylivertaisuuden (Advanced Materials) dramatisointi puuttuu"
    ],
    "audience_engagement": "Matala tunnetasolla. Reaktiot tulevat l\u00e4hinn\u00e4 sidosryhmilt\u00e4 ja omalta henkil\u00f6st\u00f6lt\u00e4. Suuri yleis\u00f6 ei koe br\u00e4ndi\u00e4 omakseen."
  },
  "competitive_analysis": {
    "key_competitors": [
      {
        "name": "SSAB (Ruotsi)",
        "content_strategy": "Ominut 'fossiilivapaan' (HYBRIT) narratiivin. Yksinkertainen, vahva lupaus tulevaisuudesta.",
        "threat_level": "high"
      },
      {
        "name": "Aperam & Acerinox (Eurooppa)",
        "content_strategy": "Perinteist\u00e4 teollisuusviestint\u00e4\u00e4.",
        "threat_level": "medium"
      },
      {
        "name": "Tsingshan & Aasialaiset toimijat",
        "content_strategy": "Hinta ja volyymi.",
        "threat_level": "low"
      }
    ],
    "brand_winning_areas": [
      "Faktapohjainen vastuullisuus (kierr\u00e4tysaste, oma kromikaivos, data)",
      "Tuotteen laatu ja erikoistuminen (Advanced Materials)"
    ],
    "brand_losing_areas": [
      "Tarinan yksinkertaistaminen (vs. SSAB:n nollap\u00e4\u00e4st\u00f6)",
      "Emotionaalinen yhteys (Br\u00e4ndi tuntuu kylm\u00e4lt\u00e4 instituutiolta)"
    ]
  },
  "strategic_tensions": [
    {
      "id": "tension_01",
      "description": "Monimutkainen totuus vs. Yksinkertainen lupaus: Outokumpu puhuu rehellisesti monimutkaisista prosenteista, kun kilpailija myy yksinkertaista unelmaa.",
      "evidence": [
        "Outokumpu viestii: '93 % pienempi hiilijalanj\u00e4lki', 'Scope 1-3'",
        "SSAB viestii: 'Fossil-free steel'",
        "Markkina palkitsee selkeyden, ei nyansseja"
      ],
      "opportunity_type": "threat",
      "priority_score": 5
    },
    {
      "id": "tension_02",
      "description": "Insin\u00f6\u00f6riys vs. Kumppanuus: Br\u00e4ndi haluaa olla tunneper\u00e4inen valinta ('Partner of choice'), mutta viestii kuin tekninen tietosanakirja.",
      "evidence": [
        "Sis\u00e4lt\u00f6 on 'Talking heads' -johtajia tai tuotantoprosessin kuvausta",
        "Puuttuu tarina siit\u00e4, kuka ratkaisee asiakkaan ongelman ja mill\u00e4 intohimolla"
      ],
      "opportunity_type": "gap",
      "priority_score": 4
    },
    {
      "id": "tension_03",
      "description": "N\u00e4kym\u00e4t\u00f6n vs. V\u00e4ltt\u00e4m\u00e4t\u00f6n: Tuote on kaikkialla ja mahdollistaa modernin el\u00e4m\u00e4n, mutta br\u00e4ndi n\u00e4ytt\u00e4\u00e4 vain ter\u00e4srullia varastossa.",
      "evidence": [
        "'World As Our Showroom' on staattinen",
        "Ihmiset eiv\u00e4t yhdist\u00e4 Outokumpua arkeensa (autot, pesukoneet, sillat)"
      ],
      "opportunity_type": "aspiration",
      "priority_score": 3
    },
    {
      "id": "tension_04",
      "description": "Pohjoinen perint\u00f6 vs. Globaali kunnianhimo: Kasvutavoite USA:ssa, mutta estetiikka ja \u00e4\u00e4nens\u00e4vy ovat eurooppalais-insin\u00f6\u00f6rim\u00e4isi\u00e4.",
      "evidence": [
        "Strateginen prioriteetti: Amerikan valloitus",
        "Nykyinen sis\u00e4lt\u00f6 ei heijasta amerikkalaista 'can-do' -asennetta"
      ],
      "opportunity_type": "underserved_audience",
      "priority_score": 3
    }
  ],
  "opportunity_zones": [
    {
      "id": "opp_01",
      "description": "'The Science of Toughness' \u2013 Kest\u00e4vyyden dramatisointi",
      "rationale": "Tukee siirtym\u00e4\u00e4 korkean katteen tuotteisiin ja erottaa br\u00e4ndin bulkkiter\u00e4ksest\u00e4. Vetoaa insin\u00f6\u00f6riyleis\u00f6\u00f6n visuaalisesti.",
      "risk_level": "low"
    },
    {
      "id": "opp_02",
      "description": "Ihmiset innovaation takana (R&D Heroes)",
      "rationale": "Ratkaisee 'Insin\u00f6\u00f6riys vs. Tunne' -j\u00e4nnitteen. Asiantuntijuus on uskottavampaa intohimoisen tekij\u00e4n suusta.",
      "risk_level": "medium"
    },
    {
      "id": "opp_03",
      "description": "Tulevaisuuden visualisointi (Beyond the Coil)",
      "rationale": "Ratkaisee 'N\u00e4kym\u00e4t\u00f6n vs. V\u00e4ltt\u00e4m\u00e4t\u00f6n' -j\u00e4nnitteen ja asemoi yhti\u00f6n vision\u00e4\u00e4riksi.",
      "risk_level": "medium"
    }
  ],
  "sources": [
    {
      "title": "Outokumpu Annual Report 2023 & 2024 Strategy Updates",
      "url": "https://www.outokumpu.com/en/investors",
      "type": "report",
      "date_accessed": "2024-05-20",
      "relevance": "Primary source for strategic priorities"
    },
    {
      "title": "Outokumpu 'EVOLVE' Strategy Presentation",
      "url": "https://www.outokumpu.com/en/investors",
      "type": "company_site",
      "date_accessed": "2024-05-20",
      "relevance": "Core strategy documentation"
    },
    {
      "title": "Outokumpu.com / Circle Green",
      "url": "https://www.outokumpu.com/en/circle-green",
      "type": "company_site",
      "date_accessed": "2024-05-20",
      "relevance": "Product specific messaging"
    },
    {
      "title": "Outokumpu LinkedIn Page",
      "url": "https://www.linkedin.com/company/outokumpu",
      "type": "social",
      "date_accessed": "2024-05-20",
      "relevance": "Social media audit"
    },
    {
      "title": "SSAB / Hybrit Fossil-free steel",
      "url": "https://www.ssab.com/en/fossil-free-steel",
      "type": "other",
      "date_accessed": "2024-05-20",
      "relevance": "Competitor analysis"
    }
  ]
}