{
  "company_name": "Incar vauriokorjaamo",
  "company_slug": "incar-vauriokorjaamo",
  "generated_at": "2026-01-21T08:49:01.790026",
  "brand_identity": {
    "positioning": "Suomen vaivattomin vauriokorjaamo",
    "visual_markers": {
      "primary_color": "Sinivalkoinen",
      "secondary_colors": [
        "Korporaatiomainen paletti"
      ],
      "style_keywords": [
        "Kliininen",
        "Puhdas",
        "Et\u00e4inen",
        "Teknologiakeskeinen"
      ],
      "tone_keywords": [
        "Asiallinen",
        "Ohjeistava",
        "Rauhoitteleva",
        "Persoonaton"
      ]
    },
    "voice_characteristics": [
      "Funktionaalinen",
      "Hallitsija (The Ruler)",
      "Viisas (The Sage)"
    ]
  },
  "strategic_priorities": [
    {
      "rank": 1,
      "priority": "Vakuutusyhti\u00f6-integraatio ja prosessitehokkuus",
      "evidence": [
        "Sampo-konsernin tyt\u00e4ryhti\u00f6",
        "Markkinointiviestinn\u00e4n keskittyminen vahinkotarkastuksen nopeuteen"
      ],
      "execution_assessment": "strong"
    },
    {
      "rank": 2,
      "priority": "S\u00e4hk\u00f6autojen (EV) haltuunotto & Tesla-kumppanuus",
      "evidence": [
        "Teslan valtuuttama -viesti",
        "Investoinnit kalibrointiteknologiaan"
      ],
      "execution_assessment": "moderate"
    },
    {
      "rank": 3,
      "priority": "Digitaalinen ohjaus (Digital Steering)",
      "evidence": [
        "P\u00e4\u00e4viesti 'Lataa kuvat'",
        "Mobiilipalveluiden korostaminen"
      ],
      "execution_assessment": "strong"
    }
  ],
  "marketing_posture": {
    "current_content_types": [
      "Taktinen mainonta",
      "Tekniset ohjevideot",
      "Aukioloilmoitukset",
      "Sesonkivinkit"
    ],
    "channel_presence": {
      "youtube": {
        "active": true,
        "assessment": "Hy\u00f6dynt\u00e4m\u00e4t\u00f6n/Tekninen. Sis\u00e4lt\u00e4\u00e4 l\u00e4hinn\u00e4 prosessikuvauksia ilman tarinallisuutta."
      },
      "tiktok": {
        "active": false,
        "assessment": "Ei mainittu analyysissa."
      },
      "instagram": {
        "active": true,
        "assessment": "Passiivinen/Ilmoitustaulu. Toimii tiedotuskanavana, sitoutuminen matalaa."
      },
      "linkedin": {
        "active": false,
        "assessment": "Ei mainittu analyysissa, vaikka B2B-fokus on vahva."
      }
    },
    "apparent_gaps": [
      "Tarinankerronta ja inhimillisyys puuttuvat",
      "Empatiavaje",
      "Br\u00e4ndi ei kerro miksi he v\u00e4litt\u00e4v\u00e4t"
    ],
    "audience_engagement": "Transaktionaalista. Asiakkaat ovat yhteydess\u00e4 vain pakon edess\u00e4. Keskusteluissa s\u00e4vy on usein kriittinen tai ep\u00e4ilev\u00e4."
  },
  "competitive_analysis": {
    "key_competitors": [
      {
        "name": "Autoklinikka (Werksta)",
        "content_strategy": "Huumori, helposti l\u00e4hestytt\u00e4vyys, 'ihmisen puolella' -asenne, NPS-rummutus",
        "threat_level": "high"
      }
    ],
    "brand_winning_areas": [
      "Institutionaalinen uskottavuus ja koko",
      "Tekninen auktoriteetti (erityisesti Tesla/EV)",
      "Vakuutusyhti\u00f6iden automaattinen ohjaus"
    ],
    "brand_losing_areas": [
      "Tunnetason yhteys ja l\u00e4hestytt\u00e4vyys",
      "Kuluttajaluottamus",
      "Asiakaspalvelukokemus"
    ]
  },
  "strategic_tensions": [
    {
      "id": "tension_01",
      "description": "Prosessilupaus vs. Emotionaalinen tarve: Incar myy vaivatonta prosessia, kun asiakas kokee h\u00e4t\u00e4\u00e4 ja tarvitsee empatiaa.",
      "evidence": [
        "Markkinointi puhuu kuvien lataamisesta",
        "Asiakaspalaute puhuu ahdistuksesta",
        "Videosis\u00e4lt\u00f6 on teknist\u00e4, ei rauhoittelevaa"
      ],
      "opportunity_type": "gap",
      "priority_score": 5
    },
    {
      "id": "tension_02",
      "description": "Vakuutusyhti\u00f6n kumppani vs. Autoilijan puolella: Omistuspohja luo luottamuspulan ja ep\u00e4ilyn kulujen optimoinnista laadun kustannuksella.",
      "evidence": [
        "Keskustelupalstojen 'kartellikorjaamo'-kommentit",
        "Ristiriita virallisen laatuviestinn\u00e4n kanssa"
      ],
      "opportunity_type": "threat",
      "priority_score": 5
    },
    {
      "id": "tension_03",
      "description": "High-Tech mielikuva vs. Nyrkkipaja-kokemus: Br\u00e4ndi rakentaa mielikuvaa huipputeknologiasta, mutta asiakaskokemus voi olla arkisen karu.",
      "evidence": [
        "Johdon puhe sensoreista ja kalibroinnista",
        "Asiakasvalitukset p\u00f6lyisist\u00e4 autoista ja huonosta palvelusta"
      ],
      "opportunity_type": "aspiration",
      "priority_score": 4
    }
  ],
  "opportunity_zones": [
    {
      "id": "opp_01",
      "description": "Kasvottoman korporaation inhimillist\u00e4minen (The Craftsman behind the Tech)",
      "rationale": "Ratkaisee j\u00e4nnitteet 01 ja 03. Tuodaan esiin mekaanikot ja ammattiylpeys, jotta rikotaan mielikuva kylm\u00e4st\u00e4 laitoksesta.",
      "risk_level": "low"
    },
    {
      "id": "opp_02",
      "description": "Radikaali l\u00e4pin\u00e4kyvyys (Trust-building)",
      "rationale": "Ratkaisee j\u00e4nnitteen 02. N\u00e4ytet\u00e4\u00e4n rehellisesti prosessi 'pellin alla' kumoamaan ep\u00e4ilyt halvalla tekemisest\u00e4.",
      "risk_level": "medium"
    },
    {
      "id": "opp_03",
      "description": "S\u00e4hk\u00f6autoilijan sielunrauha",
      "rationale": "Siirryt\u00e4\u00e4n teknisest\u00e4 sertifikaatti-viestinn\u00e4st\u00e4 tunnetason turvallisuusviestint\u00e4\u00e4n hy\u00f6dynt\u00e4en Tesla-positiota.",
      "risk_level": "low"
    }
  ],
  "sources": [
    {
      "title": "suomi24.fi",
      "url": "https://vertexaisearch.cloud.google.com/grounding-api-redirect/AUZIYQHu88_-3QjL9jMlHFfnaNdwKk-s3YH-WiVdnIDJAGqZx-TDwg-eIpNOtZRWDpuj7lKKwFxz_rhYSHKl3_vlSbPYyHzMT0OtbQqPaYCr6lEx66h3qFS1p8inbP37oQDOvg-4MPhqvWSeHQ==",
      "type": "social",
      "date_accessed": "2026-01-21",
      "relevance": "Asiakaskokemus/Maine"
    },
    {
      "title": "incar.fi",
      "url": "https://vertexaisearch.cloud.google.com/grounding-api-redirect/AUZIYQE79rxGHbieBVyp2L-881jO6rnnhB_r_RuRWIaFEP5VF163Q3P_FUHQp0eQEABf3KF0qrGKCjbwNYMUInArW3ZRyO7D4qK2sAnL1SO48pY9KA==",
      "type": "company_site",
      "date_accessed": "2026-01-21",
      "relevance": "Strategia/Palvelut"
    },
    {
      "title": "autoklinikka.fi",
      "url": "https://vertexaisearch.cloud.google.com/grounding-api-redirect/AUZIYQFK9AxGkg-tKHTaY3Du2BzYccJvox-ZGqR34uzNK6jqn0bOkAUvl9rVs1h1peese8iJNmMP25Xi-kt7_YVayRBRGYKbwJjC_VoZ0_WZagGxMWnpWl4nhKe-4KC7EnWC",
      "type": "company_site",
      "date_accessed": "2026-01-21",
      "relevance": "Kilpailija-analyysi"
    },
    {
      "title": "vscy.fi",
      "url": "https://vertexaisearch.cloud.google.com/grounding-api-redirect/AUZIYQEcyD49kiYFA4fqqDfmAP0Y_81onTuKgLqTOx6M1_zN6BRoEV3dNiOYpRFT4ZbN9gAErFfjrlWxYw_IfcojsGRXMLf7W7CKHunQpfzj9aboXmDG4lRn82qVW4AFC6nrnLST",
      "type": "other",
      "date_accessed": "2026-01-21",
      "relevance": "Toimialatieto"
    },
    {
      "title": "google.com",
      "url": "https://vertexaisearch.cloud.google.com/grounding-api-redirect/AUZIYQGDA6tfXsTaQTm2z7G8A2fjdSEEzPsErJ2c9jTWhg5kP6phUg309yakZ0ybIJRQtkRlwJlT_RnvjHLneyH2EuFi_lJPcVn4aMuHWZbQ4YAafQu3Jck5e7n-UT6FWXgNIQpsbzvj19i_Lc_9PK6_gSAgSXOw",
      "type": "other",
      "date_accessed": "2026-01-21",
      "relevance": "Yleinen haku"
    }
  ]
}