{
  "company_name": "Elixia liikuntakeskus",
  "company_slug": "elixia-liikuntakeskus",
  "generated_at": "2026-01-21T08:45:50.583280",
  "brand_identity": {
    "positioning": "Leading the digital transformation through sustainable innovation (Placeholder)",
    "visual_markers": {
      "primary_color": "#0052CC (Blue)",
      "secondary_colors": [
        "#FFFFFF",
        "#F4F5F7"
      ],
      "style_keywords": [
        "Minimalist",
        "Corporate",
        "Clean"
      ],
      "tone_keywords": [
        "Professional",
        "Trustworthy",
        "Forward-thinking"
      ]
    },
    "voice_characteristics": [
      "Authoritative",
      "Educational",
      "Optimistic"
    ]
  },
  "strategic_priorities": [
    {
      "rank": 1,
      "priority": "Expand market share in EMEA region",
      "evidence": [
        "Recent opening of Berlin office",
        "Hiring spree in sales department"
      ],
      "execution_assessment": "moderate"
    }
  ],
  "marketing_posture": {
    "current_content_types": [
      "Blog posts",
      "Whitepapers",
      "Webinars"
    ],
    "channel_presence": {
      "youtube": {
        "active": true,
        "assessment": "Low frequency, high production value"
      },
      "tiktok": {
        "active": false,
        "assessment": "No presence detected"
      },
      "instagram": {
        "active": true,
        "assessment": "Used primarily for employer branding"
      },
      "linkedin": {
        "active": true,
        "assessment": "Primary channel, high engagement"
      }
    },
    "apparent_gaps": [
      "Short-form video content",
      "User-generated content campaigns"
    ],
    "audience_engagement": "High on professional networks, low on consumer platforms"
  },
  "competitive_analysis": {
    "key_competitors": [
      {
        "name": "Competitor A",
        "content_strategy": "Aggressive social media marketing",
        "threat_level": "high"
      },
      {
        "name": "Competitor B",
        "content_strategy": "Thought leadership and events",
        "threat_level": "medium"
      }
    ],
    "brand_winning_areas": [
      "Technical reliability",
      "Customer support"
    ],
    "brand_losing_areas": [
      "Price competitiveness",
      "Speed of innovation"
    ]
  },
  "strategic_tensions": [
    {
      "id": "tension_01",
      "description": "Enterprise Focus vs. SMB Accessibility",
      "evidence": [
        "Pricing structure excludes smaller players",
        "Marketing language is highly technical"
      ],
      "opportunity_type": "underserved_audience",
      "priority_score": 4
    },
    {
      "id": "tension_02",
      "description": "Legacy Reliability vs. AI Innovation",
      "evidence": [
        "Product roadmap emphasizes stability over new AI features",
        "Competitors are marketing 'AI-first' solutions"
      ],
      "opportunity_type": "threat",
      "priority_score": 5
    },
    {
      "id": "tension_03",
      "description": "Direct Sales vs. Partner Ecosystem",
      "evidence": [
        "Conflict between internal sales team and channel partners",
        "Inconsistent messaging across channels"
      ],
      "opportunity_type": "gap",
      "priority_score": 3
    }
  ],
  "opportunity_zones": [
    {
      "id": "opp_01",
      "description": "Launch a self-service tier for SMBs",
      "rationale": "Capture the growing mid-market segment that finds enterprise solutions too complex.",
      "risk_level": "medium"
    }
  ],
  "sources": [
    {
      "title": "Q3 Financial Report",
      "url": "https://example.com/investors/q3-report",
      "type": "report",
      "date_accessed": "2023-10-15",
      "relevance": "high"
    },
    {
      "title": "CEO Interview on TechDaily",
      "url": "https://techdaily.example.com/interview",
      "type": "interview",
      "date_accessed": "2023-09-20",
      "relevance": "medium"
    },
    {
      "title": "Official LinkedIn Page",
      "url": "https://linkedin.com/company/placeholder",
      "type": "social",
      "date_accessed": "2023-10-27",
      "relevance": "high"
    },
    {
      "title": "Competitor Analysis Blog",
      "url": "https://industry-watch.example.com/analysis",
      "type": "news",
      "date_accessed": "2023-10-25",
      "relevance": "medium"
    },
    {
      "title": "Product Launch Video",
      "url": "https://youtube.com/watch?v=example",
      "type": "video",
      "date_accessed": "2023-08-10",
      "relevance": "low"
    }
  ]
}