{
  "company_name": "Jalkapalloliiga ry / Veikkausliiga",
  "company_slug": "jalkapalloliiga-ry-veikkausliiga",
  "generated_at": "2026-01-20T12:48:04.377976",
  "brand_identity": {
    "positioning": "Suomalaisen jalkapallon kivijalka ja ponnahduslauta maailmalle. Se on 'meid\u00e4n liiga' \u2013 paikallinen, aito ja tunteita her\u00e4tt\u00e4v\u00e4 yhteis\u00f6, joka yhdist\u00e4\u00e4 kaupungit kes\u00e4isin.",
    "visual_markers": {
      "primary_color": "Navy Blue (Tummansininen)",
      "secondary_colors": [
        "White",
        "Gold/Yellow"
      ],
      "style_keywords": [
        "Sporttinen",
        "Dynaaminen",
        "Konservatiivinen"
      ],
      "tone_keywords": [
        "Intohimoinen",
        "Asiantunteva",
        "Yhteis\u00f6llinen",
        "Kannustava"
      ]
    },
    "voice_characteristics": [
      "Aito",
      "Paikallinen",
      "Kasvattava",
      "Perinteik\u00e4s"
    ]
  },
  "strategic_priorities": [
    {
      "rank": 1,
      "priority": "Yleis\u00f6m\u00e4\u00e4r\u00e4t ja ottelutapahtuman vetovoima",
      "evidence": [
        "Kauden 2024 enn\u00e4tykselliset yleis\u00f6m\u00e4\u00e4r\u00e4t (yli 500 000 katsojaa hein\u00e4kuuhun menness\u00e4)",
        "Stadin Derby -hype",
        "Seurojen onnistuneet kampanjat (esim. Ilveksen uusi stadion)"
      ],
      "execution_assessment": "strong"
    },
    {
      "rank": 2,
      "priority": "Pelaajapolku ja talenttien esiinnosto",
      "evidence": [
        "Nuorten pelaajien (esim. Topi Keskinen, Leo Walta) siirrot ulkomaille",
        "Ruutu T\u00e4htipelaaja -konseptit"
      ],
      "execution_assessment": "strong"
    },
    {
      "rank": 3,
      "priority": "Digitaalinen tavoittavuus ja TV-tuote (Ruutu+)",
      "evidence": [
        "Kaikkien otteluiden televisiointi Ruutu+:ssa",
        "Studio-osuudet",
        "Sosiaalisen median klipit maaleista"
      ],
      "execution_assessment": "moderate"
    },
    {
      "rank": 4,
      "priority": "Olosuhteet ja infrastruktuuri",
      "evidence": [
        "Jatkuva keskustelu tekonurmista ja talviolosuhteista",
        "Stadionien vaihteleva kunto (uusi Tammela vs. vanhat fasiliteetit)"
      ],
      "execution_assessment": "weak"
    }
  ],
  "marketing_posture": {
    "current_content_types": [
      "Ottelukoosteet ja maaliklipit",
      "Viikon joukkue ja tilastografiikat",
      "Perinteiset pelaajahaastattelut",
      "Fani\u00e4\u00e4nestykset"
    ],
    "channel_presence": {
      "youtube": {
        "active": false,
        "assessment": "P\u00e4\u00e4asiassa arkisto koosteille, itsen\u00e4inen sis\u00e4ll\u00f6ntuotanto puuttuu."
      },
      "tiktok": {
        "active": true,
        "assessment": "Kasvava kanava rennommalla otteella, mutta potentiaalia on viel\u00e4 k\u00e4ytt\u00e4m\u00e4tt\u00e4."
      },
      "instagram": {
        "active": true,
        "assessment": "Visuaalisesti selke\u00e4 mutta kaavamainen. Hyv\u00e4 sitoutuminen huippuhetkiss\u00e4."
      },
      "linkedin": {
        "active": true,
        "assessment": "B2B-painotteinen, keskittyy kumppanuuksiin ja yleis\u00f6enn\u00e4tyksiin."
      }
    },
    "apparent_gaps": [
      "Syv\u00e4llinen tarinankerronta kent\u00e4n ulkopuolelta (lifestyle, pukukoppiel\u00e4m\u00e4)",
      "Dokumentaarinen draaman rakentaminen (Drive to Survive -tyyli)",
      "Pelaajien persoonien hy\u00f6dynt\u00e4minen viihdekontekstissa"
    ],
    "audience_engagement": "Sitoutuminen korkeaa paikallisesti ja ottelup\u00e4ivin\u00e4, mutta neutraali yleis\u00f6 reagoi heikosti geneeriseen viestint\u00e4\u00e4n."
  },
  "competitive_analysis": {
    "key_competitors": [
      {
        "name": "J\u00e4\u00e4kiekon SM-liiga (Liiga)",
        "content_strategy": "Massiivinen mediahuomio ja korkea tuotantoarvo talvilajina.",
        "threat_level": "high"
      },
      {
        "name": "Kansainv\u00e4linen jalkapallo (Valioliiga, Mestarien liiga)",
        "content_strategy": "Maailmanluokan t\u00e4hdet ja globaalit br\u00e4ndit.",
        "threat_level": "medium"
      }
    ],
    "brand_winning_areas": [
      "Kes\u00e4kauden omistajuus",
      "Aitous ja l\u00e4hipaikallisuus (Live on aina live)",
      "Yhteis\u00f6llisyys ja oman kaupungin puolustaminen"
    ],
    "brand_losing_areas": [
      "Tuotannon visuaalinen laatu ja kiilto",
      "T\u00e4htivoiman pysyvyys (pelaajat siirtyv\u00e4t nopeasti ulkomaille)"
    ]
  },
  "strategic_tensions": [
    {
      "id": "tension_01",
      "description": "Kasvattajasarja vs. Viihdetuote: Liiga myy draamaa ja t\u00e4hti\u00e4, mutta liiketoiminta perustuu t\u00e4htien myymiseen pois heti l\u00e4pimurron j\u00e4lkeen.",
      "evidence": [
        "Yleis\u00f6n suosikkien (esim. Topi Keskinen) myynti kesken kauden tai heti sen j\u00e4lkeen",
        "Markkinointilupaus vs. jatkuvasti vaihtuvat rosterit"
      ],
      "opportunity_type": "gap",
      "priority_score": 5
    },
    {
      "id": "tension_02",
      "description": "Globaali vertailukohta vs. Lokaali realiteetti: Kuluttajat vertaavat tuotetta Valioliigaan, vaikka resurssit ovat t\u00e4ysin eri tasolla.",
      "evidence": [
        "TV-kuvissa n\u00e4kyv\u00e4t tyhj\u00e4t juoksuradat ja heikkokuntoiset tekonurmet",
        "Sosiaalisen median 'puuhastelu'-kommentointi verrattuna ulkomaisiin sarjoihin"
      ],
      "opportunity_type": "aspiration",
      "priority_score": 4
    },
    {
      "id": "tension_03",
      "description": "Gen Z -fanitus vs. Perinteinen seurarakkaus: Nuoret seuraavat yksil\u00f6it\u00e4 ja highlighteja, liiga viestii sarjataulukolla ja perinteisell\u00e4 kannattamisella.",
      "evidence": [
        "TikTokissa viralisoituvat yksil\u00f6suoritukset, eiv\u00e4t otteluraportit",
        "Nuorten tapa kuluttaa klippej\u00e4 vs. liigan kokonaisvaltainen viestint\u00e4"
      ],
      "opportunity_type": "underserved_audience",
      "priority_score": 4
    },
    {
      "id": "tension_04",
      "description": "Datavetoinen laji vs. Pinnallinen sis\u00e4lt\u00f6: Sis\u00e4lt\u00f6 on usein kuvailevaa, vaikka laji tarjoaisi syv\u00e4llist\u00e4 dataa (xG, heatmaps).",
      "evidence": [
        "Analyyttiset fanit hakevat datansa muualta",
        "Sis\u00e4lt\u00f6 toteaa 'hieno maali' eik\u00e4 selit\u00e4 'miksi tila syntyi'"
      ],
      "opportunity_type": "gap",
      "priority_score": 3
    }
  ],
  "opportunity_zones": [
    {
      "id": "opp_01",
      "description": "Unfiltered Access \u2013 P\u00e4\u00e4sy kulissien taakse",
      "rationale": "Koska tuotannon kiillossa ei voi voittaa Valioliigaa, voitetaan aitoudessa. Mikitetyt pelaajat ja filtter\u00f6im\u00e4t\u00f6n tunne k\u00e4\u00e4nt\u00e4v\u00e4t 'kotikutoisuuden' intiimiydeksi, jota nuori yleis\u00f6 kaipaa.",
      "risk_level": "medium"
    },
    {
      "id": "opp_02",
      "description": "Sankaritehdas \u2013 Pelaajabr\u00e4nd\u00e4ys edell\u00e4",
      "rationale": "Siirret\u00e4\u00e4n markkinointia joukkueista yksil\u00f6ihin. Kun pelaajista tehd\u00e4\u00e4n kiinnostavia persoonia ennen l\u00e4pimurtoa, heid\u00e4n myyntins\u00e4 ulkomaille muuttuu menetyksest\u00e4 'meid\u00e4n poika maailmalla' -tarinaksi.",
      "risk_level": "low"
    }
  ],
  "sources": [
    {
      "title": "Veikkausliiga.com - Virallinen sivusto",
      "url": "https://www.veikkausliiga.com",
      "type": "company_site",
      "date_accessed": "2024-07-01",
      "relevance": "Tilastot, virallinen positiointi"
    },
    {
      "title": "Ruutu+ - Suoratoistopalvelu",
      "url": "https://www.ruutu.fi/urheilu",
      "type": "other",
      "date_accessed": "2024-07-01",
      "relevance": "Tuotannon laadun ja sis\u00e4lt\u00f6tyyppien arviointi"
    },
    {
      "title": "Yle Urheilu: Veikkausliigan yleis\u00f6m\u00e4\u00e4r\u00e4t kovassa kasvussa",
      "url": "https://yle.fi/urheilu",
      "type": "news",
      "date_accessed": "2024-07-01",
      "relevance": "Todiste strategisesta onnistumisesta"
    },
    {
      "title": "Veikkausliiga Instagram & TikTok",
      "url": "https://www.instagram.com/veikkausliiga",
      "type": "social",
      "date_accessed": "2024-07-01",
      "relevance": "\u00c4\u00e4nens\u00e4vyn ja sitoutumisen analyysi"
    },
    {
      "title": "Jatkoaika / Futisforum2 Keskustelut",
      "url": "http://futisforum2.org",
      "type": "other",
      "date_accessed": "2024-07-01",
      "relevance": "Hardcore-fanien n\u00e4kemykset ja kritiikki"
    }
  ]
}