{
  "company_name": "Specsavers",
  "company_slug": "specsavers",
  "generated_at": "2026-01-22T09:14:46.767538",
  "brand_identity": {
    "positioning": "Kansan optikko - N\u00e4\u00f6nhuollon demokratisoija, joka tarjoaa vastinetta rahalle (Value for Money) tinkim\u00e4tt\u00e4 asiantuntijuudesta.",
    "visual_markers": {
      "primary_color": "Vihre\u00e4",
      "secondary_colors": [
        "Valkoinen (implisiittinen valoisuus)"
      ],
      "style_keywords": [
        "Funktionaalinen",
        "Valoisa",
        "Volyymia korostava",
        "Pelkistetty",
        "Selke\u00e4 typografia"
      ],
      "tone_keywords": [
        "Humoristinen",
        "Itseironinen",
        "Helposti l\u00e4hestytt\u00e4v\u00e4",
        "Asiantunteva (kliininen)"
      ]
    },
    "voice_characteristics": [
      "Tavistallaaja (Everyman)",
      "Narri (Jester)",
      "Vakava terveysasioissa"
    ]
  },
  "strategic_priorities": [
    {
      "rank": 1,
      "priority": "Clinical Care \u2013 Terveyspalveluiden syvent\u00e4minen",
      "evidence": [
        "Investoinnit silm\u00e4npohjakuvauksiin (OCT)",
        "Kampanjat optikon roolista sairauksien ennaltaehk\u00e4isyss\u00e4",
        "Pyrkimys v\u00e4hent\u00e4\u00e4 julkisen terveydenhuollon kuormitusta"
      ],
      "execution_assessment": "strong"
    },
    {
      "rank": 2,
      "priority": "Audiologian (kuulo) valtavirtaistaminen",
      "evidence": [
        "The Joy of Hearing -viestint\u00e4kulmat",
        "Markkinoinnin kohdentaminen nuoremmille senioreille"
      ],
      "execution_assessment": "moderate"
    },
    {
      "rank": 3,
      "priority": "Muotimielikuvan kohottaminen (Style Elevation)",
      "evidence": [
        "I Don't -kampanja (haastaa luksusbr\u00e4ndit)",
        "Yhteisty\u00f6t tunnettujen suunnittelijoiden kanssa"
      ],
      "execution_assessment": "moderate"
    }
  ],
  "marketing_posture": {
    "current_content_types": [
      "TV-mainokset (huumori/tarjoukset)",
      "Digitaaliset lyhennelm\u00e4t",
      "Staattinen blogisis\u00e4lt\u00f6"
    ],
    "channel_presence": {
      "youtube": {
        "active": false,
        "assessment": "Passiivinen/Arkisto. Toimii TVC dumpina ilman kanavanatiivia strategiaa."
      },
      "tiktok": {
        "active": true,
        "assessment": "Aktiivinen mutta hapuileva. Sis\u00e4lt\u00f6 mainosmaiselta, vaikka pyrkii tavoittamaan nuoret."
      },
      "instagram": {
        "active": true,
        "assessment": "Aktiivinen, mutta sis\u00e4lt\u00f6 tuntuu usein mainosmaiselta."
      },
      "linkedin": {
        "active": false,
        "assessment": "Ei mainittu analyysiss\u00e4."
      }
    },
    "apparent_gaps": [
      "Aito, palveleva videosis\u00e4lt\u00f6 (edutainment)",
      "Syv\u00e4lliset tuote-esittelyt",
      "Viihdytt\u00e4v\u00e4 terveystieto"
    ],
    "audience_engagement": "Huumori ('Should've gone to') toimii ja tunnistetaan laajasti, mutta nuorempi yleis\u00f6 (Gen Z) kokee br\u00e4ndin et\u00e4iseksi tai 'vanhempien kaupaksi'."
  },
  "competitive_analysis": {
    "key_competitors": [
      {
        "name": "Synsam",
        "content_strategy": "Lifestyle-sopimuksen aggressiivinen markkinointi, vastuullisuus ja kierr\u00e4tys.",
        "threat_level": "high"
      },
      {
        "name": "Instrumentarium (GrandVision)",
        "content_strategy": "L\u00e4\u00e4ketieteellinen ja premium-painotus, luotettava perint\u00f6br\u00e4ndi.",
        "threat_level": "medium"
      },
      {
        "name": "Mister Spex / Verkkokaupat",
        "content_strategy": "Diginatiivi helppous ja hinta.",
        "threat_level": "low"
      }
    ],
    "brand_winning_areas": [
      "Hinta-laatusuhde",
      "Volyymi",
      "Br\u00e4ndin tunnettuus (huumori)",
      "Saavutettavuus"
    ],
    "brand_losing_areas": [
      "Asiakkuuden malli (kertaostos vs. jatkuva sopimus)",
      "Houkuttelevuus nuorten/tyylitietoisten keskuudessa",
      "Vastuullisuusmielikuva"
    ]
  },
  "strategic_tensions": [
    {
      "id": "tension_01",
      "description": "Transaktio vs. Suhde (The Subscription Gap): Markkinointi huutaa kertaostosta, kun kilpailijat ovat opettaneet kuluttajan jatkuvaan palvelusopimukseen.",
      "evidence": [
        "P\u00e4\u00e4viesti on edelleen taktinen tarjous ('2 yksien hinnalla'), ei huolenpito.",
        "Synsamin menestys Lifestyle-sopimuksella vie asiakkaat pois markkinalta vuosiksi.",
        "Specsavers Plus -palvelun viestint\u00e4 j\u00e4\u00e4 tarjoushuudon jalkoihin."
      ],
      "opportunity_type": "threat",
      "priority_score": 5
    },
    {
      "id": "tension_02",
      "description": "'Halpahalli' vs. 'L\u00e4\u00e4k\u00e4riasema': Br\u00e4ndi yritt\u00e4\u00e4 olla samanaikaisesti uskottava l\u00e4\u00e4ketieteellinen auktoriteetti ja slapstick-huumoria viljelev\u00e4 halpakauppa.",
      "evidence": [
        "Vakava viesti silm\u00e4sairauksista vs. lampaiden keritsemis -sketsit.",
        "Kuluttajan vaikeus hahmottaa, onko Specsavers 'oikea' optikko vai vain lasikauppa."
      ],
      "opportunity_type": "aspiration",
      "priority_score": 4
    },
    {
      "id": "tension_03",
      "description": "Ikonisuus vs. Relevanssi (Gen Z -ongelma): 'Should've gone to' -konsepti perustuu k\u00f6mpelyyteen, mik\u00e4 ei resonoi visuaalisesti t\u00e4ydellisyytt\u00e4 tavoittelevassa Gen Z -kulttuurissa.",
      "evidence": [
        "Nuoret n\u00e4kev\u00e4t br\u00e4ndin 'nolona' tai vanhanaikaisena.",
        "TikTok-sis\u00e4lt\u00f6 tuntuu p\u00e4\u00e4lleliimatulta mainonnalta.",
        "Nuoret hakevat voittajafiilist\u00e4, eiv\u00e4t samaistumista 'tumpelointiin'."
      ],
      "opportunity_type": "underserved_audience",
      "priority_score": 3
    }
  ],
  "opportunity_zones": [
    {
      "id": "opp_01",
      "description": "Silm\u00e4terveyden 'Mythbusters' (Edutainment)",
      "rationale": "Ratkaisee j\u00e4nnitteen 'Halpa vs. Kliininen' tuomalla asiantuntijuuden esiin helposti l\u00e4hestytt\u00e4v\u00e4ll\u00e4 tavalla. T\u00e4ytt\u00e4\u00e4 aukon kilpailijoiden tyls\u00e4n faktasis\u00e4ll\u00f6n ja Specsaversin oman TV-huumorin v\u00e4liss\u00e4.",
      "risk_level": "low"
    },
    {
      "id": "opp_02",
      "description": "'Smart Money' -asenne (Anti-Luxury)",
      "rationale": "K\u00e4\u00e4nt\u00e4\u00e4 'halpuuden' 'fiksuudeksi'. Vetoaa Gen Z:n kyynisyyteen ja rahatajuun ilman, ett\u00e4 br\u00e4ndin tarvitsee esitt\u00e4\u00e4 olevansa luksusta. Tekee s\u00e4\u00e4st\u00e4misest\u00e4 status-valinnan.",
      "risk_level": "medium"
    },
    {
      "id": "opp_03",
      "description": "Jatkuvan huolenpidon inhimillist\u00e4minen",
      "rationale": "Vastaa suoraan Synsamin uhkaan muotoilemalla Specsaversin palvelumallin inhimillisemm\u00e4ksi ja v\u00e4hemm\u00e4n sitovaksi vaihtoehdoksi (tuotteesta palveluun).",
      "risk_level": "medium"
    }
  ],
  "sources": [
    {
      "title": "Strateginen Dossier: Specsavers",
      "url": "Internal Document",
      "type": "report",
      "date_accessed": "2026-01-22",
      "relevance": "Primary source for analysis"
    },
    {
      "title": "Specsavers Annual Review (Global & Northern Europe)",
      "url": "Referenced in dossier",
      "type": "report",
      "date_accessed": "2026-01-22",
      "relevance": "Financial and strategic overview"
    },
    {
      "title": "Markkinointiuutiset & Campaign Live",
      "url": "Referenced in dossier",
      "type": "news",
      "date_accessed": "2026-01-22",
      "relevance": "Industry analysis and campaign news"
    },
    {
      "title": "Synsam Group Annual Report",
      "url": "Referenced in dossier",
      "type": "report",
      "date_accessed": "2026-01-22",
      "relevance": "Competitor analysis"
    },
    {
      "title": "Sosiaalisen median auditointi (Specsavers Suomi)",
      "url": "Referenced in dossier",
      "type": "social",
      "date_accessed": "2026-01-22",
      "relevance": "Channel presence and engagement analysis"
    }
  ]
}