{
  "company_name": "Silm\u00e4asema Optiikka",
  "company_slug": "silmasema-optiikka",
  "generated_at": "2026-01-26T06:49:33.954799",
  "brand_identity": {
    "positioning": "Koko silm\u00e4terveyden talo",
    "visual_markers": {
      "primary_color": "Vihre\u00e4 ja valkoinen",
      "secondary_colors": [],
      "style_keywords": [
        "Ylivalottunut",
        "Raikas",
        "Hymyilev\u00e4t ihmiset",
        "Ulkoilma"
      ],
      "tone_keywords": [
        "Kliininen",
        "L\u00e4hestytt\u00e4v\u00e4"
      ]
    },
    "voice_characteristics": [
      "Asiantunteva",
      "Empaattinen",
      "Kotimainen",
      "Huolenpit\u00e4j\u00e4 (Caregiver)",
      "Viisas asiantuntija (Sage)"
    ]
  },
  "strategic_priorities": [
    {
      "rank": 1,
      "priority": "Leikkausliiketoiminnan kasvu (Medical Growth)",
      "evidence": [
        "Aggressiivinen kasvu korkean katteen linssi- ja laserleikkauksissa",
        "Ik\u00e4\u00e4ntyv\u00e4 v\u00e4est\u00f6 ja kaihimarkkina",
        "Asiakaspalaute el\u00e4m\u00e4nlaadun parantumisesta"
      ],
      "execution_assessment": "strong"
    },
    {
      "rank": 2,
      "priority": "L\u00e4\u00e4ketieteen ja Retailin integraatio (Lifecycle)",
      "evidence": [
        "Tavoite sitouttaa asiakas elinik\u00e4iseen hoitopolkuun",
        "Nykyinen markkinointi painottaa taktisia tarjouksia hoitopolun sijaan"
      ],
      "execution_assessment": "moderate"
    },
    {
      "rank": 3,
      "priority": "Markkinaosuuden puolustus",
      "evidence": [
        "Laajentuminen Viroon",
        "Eagle Vision -kauppa",
        "Vastaaminen Specsaversin hintapaineeseen"
      ],
      "execution_assessment": "strong"
    }
  ],
  "marketing_posture": {
    "current_content_types": [
      "Taktinen retail-mainonta (Osta 1, saat 2)",
      "Emotionaalinen br\u00e4ndimainonta",
      "Asiantuntijavideot (L\u00e4\u00e4k\u00e4ri vastaa)"
    ],
    "channel_presence": {
      "youtube": {
        "active": false,
        "assessment": "Passiivinen/Varasto (TV-spotit ja Q&A-videot, ei yhteis\u00f6\u00e4)"
      },
      "tiktok": {
        "active": false,
        "assessment": "Heikko/Olematon (suuri puute huomioiden laserleikkausten nuorempi kohderyhm\u00e4)"
      },
      "instagram": {
        "active": true,
        "assessment": "Sekava (Ale-kuponkeja ja satunnaista asiantuntijatietoa)"
      },
      "linkedin": {
        "active": false,
        "assessment": "Ei mainittu analyysissa"
      }
    },
    "apparent_gaps": [
      "Aito vuorovaikutus puuttuu (yksisuuntainen viestint\u00e4)",
      "Vertaistuen ja social proofin puute leikkausp\u00e4\u00e4t\u00f6sten tukena",
      "Nuoremman sukupolven puhuttelu puuttuu"
    ],
    "audience_engagement": "Transaktionaalista, ei emotionaalista. Yleis\u00f6 rakastaa lopputulosta mutta vierastaa prosessia (liukuhihnamainen myynti)."
  },
  "competitive_analysis": {
    "key_competitors": [
      {
        "name": "Instrumentarium",
        "content_strategy": "Muoti & Tyyli (lasit asusteena)",
        "threat_level": "high"
      },
      {
        "name": "Specsavers",
        "content_strategy": "Hinta ja volyymi",
        "threat_level": "high"
      },
      {
        "name": "Yksityiset l\u00e4\u00e4k\u00e4ritalot (esim. Mehil\u00e4inen)",
        "content_strategy": "Puhdas l\u00e4\u00e4ketiede ja terveys",
        "threat_level": "medium"
      }
    ],
    "brand_winning_areas": [
      "L\u00e4\u00e4ketieteellinen uskottavuus",
      "V\u00e4hitt\u00e4iskaupan saavutettavuus (Koko talo -konsepti)"
    ],
    "brand_losing_areas": [
      "Muodikkuus",
      "Nuorekkuus",
      "Hinnoittelumielikuva"
    ]
  },
  "strategic_tensions": [
    {
      "id": "tension_01",
      "description": "Onnellisuuslupaus vs. Kliininen transaktio: Br\u00e4ndi lupaa onnellisuutta, mutta kokemus on tekninen suorite.",
      "evidence": [
        "Slogan 'Maailman onnellisimmat silm\u00e4t'",
        "Asiakaspalaute kritisoi liukuhihnamaisuutta",
        "Kuvasto hymyilev\u00e4\u00e4 mutta prosessi koetaan kylm\u00e4ksi"
      ],
      "opportunity_type": "gap",
      "priority_score": 5
    },
    {
      "id": "tension_02",
      "description": "El\u00e4m\u00e4nkumppani vs. Ale-kauppias: Strategia tavoittelee hoitosuhdetta, markkinointi opettaa odottamaan alennuksia.",
      "evidence": [
        "Strateginen tavoite: Ennakoiva asiakaskokemus",
        "Taktinen toteutus: Ilmaista silm\u00e4lasirahaa, Osta 1 saat 2"
      ],
      "opportunity_type": "aspiration",
      "priority_score": 4
    },
    {
      "id": "tension_03",
      "description": "Auktoriteetin pelko vs. Vertaistuen tarve: Viestint\u00e4 on ylh\u00e4\u00e4lt\u00e4 alas, vaikka asiakas kaipaa vertaistukea pelkoon.",
      "evidence": [
        "Sis\u00e4lt\u00f6 on asiantuntijakeskeist\u00e4",
        "Asiakkaat etsiv\u00e4t tietoa foorumeilta (Suomi24)",
        "Suurin este on leikkauspelko"
      ],
      "opportunity_type": "underserved_audience",
      "priority_score": 4
    }
  ],
  "opportunity_zones": [
    {
      "id": "opp_01",
      "description": "L\u00e4\u00e4ketieteen inhimillist\u00e4minen (Humanizing the White Coat)",
      "rationale": "Ratkaisee j\u00e4nnitteen onnellisuuden ja transaktion v\u00e4lill\u00e4 tuomalla l\u00e4mp\u00f6\u00e4 kliiniseen ymp\u00e4rist\u00f6\u00f6n.",
      "risk_level": "low"
    },
    {
      "id": "opp_02",
      "description": "Pelon murtaminen radikaalilla rehellisyydell\u00e4",
      "rationale": "Ratkaisee j\u00e4nnitteen 3 ottamalla omistajuuden keskustelusta, jota k\u00e4yd\u00e4\u00e4n nyt foorumeilla.",
      "risk_level": "medium"
    },
    {
      "id": "opp_03",
      "description": "FOMO n\u00e4kemisest\u00e4 (The 'Missed Moments' Angle)",
      "rationale": "Siirt\u00e4\u00e4 keskustelun hinnasta arvoon ja vetoaa tunteisiin myym\u00e4ll\u00e4 kokemuksia toimenpiteen sijaan.",
      "risk_level": "low"
    }
  ],
  "sources": [
    {
      "title": "Silm\u00e4asema verkkosivut",
      "url": "https://www.silmaasema.fi",
      "type": "company_site",
      "date_accessed": "2023-10-01",
      "relevance": "L\u00e4hde br\u00e4ndilupaukselle ja palvelukuvaukselle"
    },
    {
      "title": "Suomi24 Keskustelut",
      "url": "https://keskustelu.suomi24.fi",
      "type": "social",
      "date_accessed": "2023-10-01",
      "relevance": "L\u00e4hde asiakkaiden peloille ja kritiikille"
    },
    {
      "title": "ReviewsBird",
      "url": "https://reviewsbird.fi",
      "type": "other",
      "date_accessed": "2023-10-01",
      "relevance": "L\u00e4hde asiakastyytyv\u00e4isyydelle ja -tyytym\u00e4tt\u00f6myydelle"
    },
    {
      "title": "Instrumentarium verkkosivut",
      "url": "https://www.instru.fi",
      "type": "company_site",
      "date_accessed": "2023-10-01",
      "relevance": "L\u00e4hde kilpailija-analyysille"
    },
    {
      "title": "YouTube",
      "url": "https://www.youtube.com",
      "type": "video",
      "date_accessed": "2023-10-01",
      "relevance": "L\u00e4hde nykyisen videosis\u00e4ll\u00f6n analyysille"
    }
  ]
}